Tenor,Expiry,Fwd,alpha,beta,nu,rho
2,0.25,107.638332259373,0.043697002502327636,0.5,0.6495465663398984,0.12571485257195528
2,0.5,110.99189328090999,0.046243444261594165,0.5,0.603155750899349,0.12556596465914827
2,0.75,116.024287527238,0.04832824086452225,0.5,0.001,0.9899981808060703
2,1,121.935636676584,0.04835230760031014,0.5,0.4901523300911743,0.39044633637020165
2,2,161.959844231264,0.049701066300305276,0.5,1.0837160832240593,-0.2863858520819596
2,5,284.363638504981,0.04840109441409315,0.5,0.3736700417565984,-0.0329967528234735
2,10,338.734710965737,0.039503418335284084,0.5,0.33168995964383224,-0.15860357983773699
